{"cameraMode":{"drawMode":0,"name":"Shaded","section":"Shading Mode"},"sceneLighting":false,"audioPlay":false,"sceneViewState":{"m_AlwaysRefresh":false,"showFog":true,"showSkybox":false,"showFlares":true,"showImageEffects":true,"showParticleSystems":true,"showVisualEffectGraphs":true,"m_FxEnabled":true},"in2DMode":false,"pivot":{"x":17.94977378845215,"y":1.2434698343276978,"z":-3.9083054065704347},"rotation":{"x":0.3721776008605957,"y":0.24502113461494447,"z":-0.10251341015100479,"w":0.8894102573394775},"size":1.2617707252502442,"orthographic":false}