{"cameraMode":{"drawMode":0,"name":"Shaded","section":"Shading Mode"},"sceneLighting":true,"audioPlay":false,"sceneViewState":{"m_AlwaysRefresh":false,"showFog":true,"showSkybox":true,"showFlares":true,"showImageEffects":true,"showParticleSystems":true,"showVisualEffectGraphs":true,"m_FxEnabled":true},"in2DMode":false,"pivot":{"x":-1.2774920463562012,"y":-1.4622437953948975,"z":-5.3022308349609379},"rotation":{"x":0.36916401982307436,"y":0.030955716967582704,"z":-0.012296263128519059,"w":0.9288231730461121},"size":42.740299224853519,"orthographic":false}