{"cameraMode":{"drawMode":0,"name":"Shaded","section":"Shading Mode"},"sceneLighting":true,"audioPlay":false,"sceneViewState":{"m_AlwaysRefresh":false,"showFog":true,"showSkybox":true,"showFlares":true,"showImageEffects":true,"showParticleSystems":true,"showVisualEffectGraphs":true,"m_FxEnabled":true},"in2DMode":false,"pivot":{"x":2.448371171951294,"y":-5.037609100341797,"z":-0.885164737701416},"rotation":{"x":-0.6697037816047669,"y":0.0015573122072964907,"z":-0.0014042434049770237,"w":-0.742628812789917},"size":30.881303787231447,"orthographic":false}