{"cameraMode":{"drawMode":0,"name":"Shaded","section":"Shading Mode"},"sceneLighting":true,"audioPlay":false,"sceneViewState":{"m_AlwaysRefresh":false,"showFog":true,"showSkybox":true,"showFlares":true,"showImageEffects":true,"showParticleSystems":true,"showVisualEffectGraphs":true,"m_FxEnabled":true},"in2DMode":false,"pivot":{"x":19.700000762939454,"y":13.799999237060547,"z":-15.799999237060547},"rotation":{"x":-0.7077497839927673,"y":-0.0027580687310546638,"z":0.0027611555997282268,"w":-0.7064610719680786},"size":31.866666793823243,"orthographic":false}