{"cameraMode":{"drawMode":0,"name":"Shaded","section":"Shading Mode"},"sceneLighting":true,"audioPlay":false,"sceneViewState":{"m_AlwaysRefresh":false,"showFog":true,"showSkybox":false,"showFlares":true,"showImageEffects":true,"showParticleSystems":true,"showVisualEffectGraphs":true,"m_FxEnabled":true},"in2DMode":false,"pivot":{"x":-16.52170181274414,"y":4.117535591125488,"z":3.2914011478424074},"rotation":{"x":0.10704560577869415,"y":0.3433030843734741,"z":-0.039398424327373508,"w":0.9323274493217468},"size":2.4740774631500246,"orthographic":false}