{"cameraMode":{"drawMode":0,"name":"Shaded","section":"Shading Mode"},"sceneLighting":false,"audioPlay":false,"sceneViewState":{"m_AlwaysRefresh":false,"showFog":true,"showSkybox":false,"showFlares":true,"showImageEffects":true,"showParticleSystems":true,"showVisualEffectGraphs":true,"m_FxEnabled":true},"in2DMode":false,"pivot":{"x":22.989999771118165,"y":0.8000001907348633,"z":-1.7400000095367432},"rotation":{"x":0.5787488222122192,"y":-0.04617227613925934,"z":0.032836854457855228,"w":0.8135799765586853},"size":1.2247449159622193,"orthographic":false}